insert into moovsmartTest.custom_user (custom_user_id, account_non_locked, activation, delete_date, e_mail, enable,
                                       is_agent, is_deleted, has_newsletter, name, password, username, phone_number)
values (1, false, '123456', '2048-10-10 00:00:00.000000', 'aprandia@miitbeian.gov.cn', true, false, true, true, 'Avivah Prandi',
        'jH0@qk''BXF', 'aprandia', '+36306363631');
insert into moovsmartTest.custom_user (custom_user_id, account_non_locked, activation, delete_date, e_mail, enable, is_agent,
                                       is_deleted, has_newsletter, name, password, username, phone_number)
values (2, true, '654321', null, 'glockley5@howstuffworks.com', true, false, false, true, 'Gunter Lockley', 'jF0$=2+q$~iG',
        'glockley5', '+36306363632');
insert into moovsmartTest.custom_user (custom_user_id, account_non_locked, activation, delete_date, e_mail, enable,
                                       is_agent, is_deleted, has_newsletter, name, password, username, phone_number)
values (3, true, '111111', null, 'ikoubek4@a8.net', true,  true, false, false, 'Idelle Koubek', 'lX1%uEvzX+9\\yL', 'ikoubek4', '+36306363633');
insert into moovsmartTest.custom_user (custom_user_id, account_non_locked, activation, delete_date, e_mail, enable,
                                       is_agent, is_deleted, has_newsletter, name, password, username, phone_number)
values (4, true, '222222', null, 'cduprec@scribd.com', true, false, false, true, 'Cymbre Dupre', 'yK9_Y+Jm}ICga%r', 'cduprec', '+36306363634');
insert into moovsmartTest.custom_user (custom_user_id, account_non_locked, activation, delete_date, e_mail, enable,
                                       is_agent, is_deleted, has_newsletter, name, password, username, phone_number)
values (5, true, '333333', null, 'dknottonb@tumblr.com', true, false, false, false, 'Dani Knotton', 'qA6}Z(CPsD/', 'dknottonb', '+36306363635');
insert into moovsmartTest.custom_user (custom_user_id, account_non_locked, activation, delete_date, e_mail, enable,
                                       is_agent, is_deleted, has_newsletter, name, password, username, phone_number)
values (6, true, '444444', null, 'cglowacha3@ning.com', true, true, false, true, 'Cathleen Glowacha', 'eT9@$Je!M6KA2oHx',
        'cglowacha3', '+36306363636');
insert into moovsmartTest.custom_user (custom_user_id, account_non_locked, activation, delete_date, e_mail, enable, is_agent,
                                       is_deleted, has_newsletter, name, password, username, phone_number)
values (7, true, '55555', null, 'sbenzingi@wikimedia.org', true, false, false, false, 'Stevy Benzing', 'nV1|tkIElyW', 'sbenzingi', '+36306363637');
insert into moovsmartTest.custom_user (custom_user_id, account_non_locked, activation, delete_date, e_mail, enable, is_agent,
                                       is_deleted, has_newsletter, name, password, username, phone_number)
values (8, false, '666666', null, 'czambonini8@wordpress.com', false, true, false, false, 'Caresse Zambonini', 'gT1{gnY21',
        'czambonini8', '+36306363638');
insert into moovsmartTest.custom_user (custom_user_id, account_non_locked, activation, delete_date, e_mail, enable, is_agent,
                                       is_deleted, has_newsletter, name, password, username, phone_number)
values (9, true, '777777', null, 'ikennadyg@diigo.com', true, false, false, false, 'Ikey Kennady', 'tV0}!jk8Ab2.3V5z', 'ikennadyg', '+36306363639');
insert into moovsmartTest.custom_user (custom_user_id, account_non_locked, activation, delete_date, e_mail, enable, is_agent,
                                       is_deleted, has_newsletter, name, password, username, phone_number)
values (10, false, '8888888', '2075-06-04 00:00:00.000000', 'kshard7@123-reg.co.uk', true, false, true, true, 'Kacy Shard',
        'tF4|oCOAS''b', 'kshard7', '+36306363630');
insert into moovsmartTest.custom_user (custom_user_id, account_non_locked, activation, delete_date, e_mail, enable, is_agent,
                                       is_deleted, has_newsletter, name, password, username, phone_number)
values (11, true, '9999999', '2059-03-06 00:00:00.000000', 'bmoyes2@jalbum.net', false, true, true, true, 'Belvia Moyes',
        'cY8#5C9x!>6M0=uJ', 'bmoyes2', '+36306363610');
insert into moovsmartTest.custom_user (custom_user_id, account_non_locked, activation, delete_date, e_mail, enable, is_agent,
                                       is_deleted, has_newsletter, name, password, username, phone_number)
values (12, true, '122222', null, 'erobej@craigslist.org', false, false, false, false, 'Elvira Robe', 'mX5<.}"AulaK', 'erobej', '+36306363611');
insert into moovsmartTest.custom_user (custom_user_id, account_non_locked, activation, delete_date, e_mail, enable, is_agent,
                                       is_deleted, has_newsletter, name, password, username, phone_number)
values (13, true, '133333', null, 'wmcinteer9@mac.com', true, true, false, true, 'Waylan McInteer', 'gB8|2hZVJ', 'wmcinteer9', '+36306363612');
insert into moovsmartTest.custom_user (custom_user_id, account_non_locked, activation, delete_date, e_mail, enable, is_agent,
                                       is_deleted, has_newsletter, name, password, username, phone_number)
values (14, false, '144444', null, 'fmartijn0@nhs.uk', false, false, false, true, 'Florenza Martijn', 'wP5+dMvZX', 'fmartijn0', '+36306363613');
insert into moovsmartTest.custom_user (custom_user_id, account_non_locked, activation, delete_date, e_mail, enable, is_agent,
                                       is_deleted, has_newsletter, name, password, username, phone_number)
values (15, false, '155555', null, 'dmugef@weather.com', false, true, false, false, 'Darbee Muge', 'fT8%nQ{b7', 'dmugef', '+36306363614');
insert into moovsmartTest.custom_user (custom_user_id, account_non_locked, activation, delete_date, e_mail, enable, is_agent,
                                       is_deleted, has_newsletter, name, password, username, phone_number)
values (16, true, '166666', null, 'gfrossell1@over-blog.com', true, true, false, true, 'Garrek Frossell', 'wU7~7Yiww/#',
        'gfrossell1', '+36306363615');
insert into moovsmartTest.custom_user (custom_user_id, account_non_locked, activation, delete_date, e_mail, enable, is_agent,
                                       is_deleted, has_newsletter, name, password, username, phone_number)
values (17, false, '177777', null, 'wchaterd@g.co', true, false, false, false, 'Windham Chater', 'sO9=IYjICM~fEYS', 'wchaterd', '+36306363616');
insert into moovsmartTest.custom_user (custom_user_id, account_non_locked, activation, delete_date, e_mail, enable, is_agent,
                                       is_deleted, has_newsletter, name, password, username, phone_number)
values (18, false, '188888', null, 'dfilyukovh@ustream.tv', false, false, false, true, 'Danny Filyukov', 'mI0\\bo&5&eQ',
        'dfilyukovh', '+36306363617');
insert into moovsmartTest.custom_user (custom_user_id, account_non_locked, activation, delete_date, e_mail, enable, is_agent,
                                       is_deleted, has_newsletter, name, password, username, phone_number)
values (19, true, '199999', null, 'gjakubczyke@mozilla.org', true, false, false, true, 'Gabriela Jakubczyk', 'xG0.<7xHLQ?u',
        'gjakubczyke', '+36306363618');
insert into moovsmartTest.custom_user (custom_user_id, account_non_locked, activation, delete_date, e_mail, enable, is_agent,
                                       is_deleted, has_newsletter, name, password, username, phone_number)
values (20, true, '2111111', null, 'cgasking6@cornell.edu', true, true, false, false, 'Cosetta Gasking', 'yB3/mHH/<f,\\%g7~',
        'cgasking6', '+36306363619');


insert into moovsmartTest.custom_user_role(custom_user_custom_user_id, roles) value (1, 'ROLE_USER');
insert into moovsmartTest.custom_user_role(custom_user_custom_user_id, roles) value (2, 'ROLE_USER');
insert into moovsmartTest.custom_user_role(custom_user_custom_user_id, roles) value (3, 'ROLE_AGENT');
insert into moovsmartTest.custom_user_role(custom_user_custom_user_id, roles) value (4, 'ROLE_USER');
insert into moovsmartTest.custom_user_role(custom_user_custom_user_id, roles) value (5, 'ROLE_USER');
insert into moovsmartTest.custom_user_role(custom_user_custom_user_id, roles) value (6, 'ROLE_AGENT');
insert into moovsmartTest.custom_user_role(custom_user_custom_user_id, roles) value (7, 'ROLE_USER');
insert into moovsmartTest.custom_user_role(custom_user_custom_user_id, roles) value (8, 'ROLE_USER');
insert into moovsmartTest.custom_user_role(custom_user_custom_user_id, roles) value (9, 'ROLE_AGENT');
insert into moovsmartTest.custom_user_role(custom_user_custom_user_id, roles) value (10, 'ROLE_USER');
insert into moovsmartTest.custom_user_role(custom_user_custom_user_id, roles) value (11, 'ROLE_USER');
insert into moovsmartTest.custom_user_role(custom_user_custom_user_id, roles) value (12, 'ROLE_AGENT');
insert into moovsmartTest.custom_user_role(custom_user_custom_user_id, roles) value (13, 'ROLE_USER');
insert into moovsmartTest.custom_user_role(custom_user_custom_user_id, roles) value (14, 'ROLE_USER');
insert into moovsmartTest.custom_user_role(custom_user_custom_user_id, roles) value (15, 'ROLE_AGENT');
insert into moovsmartTest.custom_user_role(custom_user_custom_user_id, roles) value (16, 'ROLE_USER');
insert into moovsmartTest.custom_user_role(custom_user_custom_user_id, roles) value (17, 'ROLE_USER');
insert into moovsmartTest.custom_user_role(custom_user_custom_user_id, roles) value (18, 'ROLE_AGENT');
insert into moovsmartTest.custom_user_role(custom_user_custom_user_id, roles) value (19, 'ROLE_AGENT');
insert into moovsmartTest.custom_user_role(custom_user_custom_user_id, roles) value (20, 'ROLE_USER');


insert into moovsmartTest.confirmation_token (token_id, confirmation_token, created_date, expired_date, custom_user_id)
values (1, '123456', '2023-08-31', '2025-09-01', 1);
insert into moovsmartTest.confirmation_token (token_id, confirmation_token, created_date, expired_date, custom_user_id)
values (2, '654321', '2023-08-31', '2023-09-01', 2);
insert into moovsmartTest.confirmation_token (token_id, confirmation_token, created_date, expired_date, custom_user_id)
values (3, '111111', '2023-09-11', '2025-09-11', 3);


INSERT INTO moovsmartTest.property (property_id, area, date_of_activation, date_of_creation, date_of_inactivation,
                                    date_of_sale, description, image_url, name, number_of_rooms, price, purpose, status,
                                    type, custom_user_id)
VALUES (1, 120, '2023-09-02', '2023-09-02', null, null, 'Eladó családi ház a Balton partján', 'www.kep-url/122324gfg/kep.hu',
        'Eladó Balatoni Ház', 4, 63000000, 'TO_RENT', 'ACTIVE', 'HOUSE', 1);

INSERT INTO moovsmartTest.property (property_id, area, date_of_activation, date_of_creation, date_of_inactivation,
                                    date_of_sale, description, image_url, name, number_of_rooms, price, purpose, status,
                                    type, custom_user_id)
VALUES (2, 300, '2023-08-31', '2023-08-31', null, null, 'Kényelmes családi ház', 'image/jpeg;base64,/2579j/4AAQSk',
        'Eladó ház', 4, 350000000, 'TO_RENT', 'INACTIVE', 'HOUSE', 2);
INSERT INTO moovsmartTest.property (property_id, area, date_of_activation, date_of_creation, date_of_inactivation,
                                    date_of_sale, description, image_url, name, number_of_rooms, price, purpose, status,
                                    type, custom_user_id)
VALUES (3, 80, null, '2023-08-29', null, null, 'Stúdió lakás belvárosi környezetben',
        'image/jpeg;base68,/9j143/4Adfhdk', 'Eladó lakás Pécsett', 1, 180000000, 'TO_RENT', 'ACTIVE', 'FLAT', 14);
INSERT INTO moovsmartTest.property (property_id, area, date_of_activation, date_of_creation, date_of_inactivation,
                                    date_of_sale, description, image_url, name, number_of_rooms, price, purpose, status,
                                    type, custom_user_id)
VALUES (4, 600, null, '2023-08-20', null, null, 'Panasz panorámával', 'image/jpeg;base464667,/sgrsgrgsrerhSk',
        'Eladó lakás a városban', 3, 420000000, 'TO_RENT', 'ACTIVE', 'FLAT', 4);
INSERT INTO moovsmartTest.property (property_id, area, date_of_activation, date_of_creation, date_of_inactivation,
                                    date_of_sale, description, image_url, name, number_of_rooms, price, purpose, status,
                                    type, custom_user_id)
VALUES (5, 450, null, '2023-08-18', null, null, 'Tágas családi ház zöld környezetben',
        'image/jpeg;base64,/9j0364/4AAQSk..atjtj.', 'Eladó ház', 6, 550000000, 'FOR_SALE', 'ACTIVE', 'HOUSE', 12);
INSERT INTO moovsmartTest.property (property_id, area, date_of_activation, date_of_creation, date_of_inactivation,
                                    date_of_sale, description, image_url, name, number_of_rooms, price, purpose, status,
                                    type, custom_user_id)
VALUES (6, 60, '2023-09-01 00:00:00', '2023-08-15', null, null, 'Kis lakás kiadó a belvárosban',
        'image/jpeg;base64,/9036j/4AAQSartjarjk...',
        'Kiadó lakás', 1, 150000000, 'TO_RENT', 'ACTIVE', 'FLAT', 3);
INSERT INTO moovsmartTest.property (property_id, area, date_of_activation, date_of_creation, date_of_inactivation,
                                    date_of_sale, description, image_url, name, number_of_rooms, price, purpose, status,
                                    type, custom_user_id)
VALUES (7, 750, null, '2023-08-27', null, null, 'Modern irodaház vállalkozásnak',
        'image/jpeg;base64,/923j/4AAQERewSk...', 'Eladó irodaház', null, 11000000, 'TO_RENT', 'ACTIVE', 'OFFICE_BUILDING', 17);
INSERT INTO moovsmartTest.property (property_id, area, date_of_activation, date_of_creation, date_of_inactivation,
                                    date_of_sale, description, image_url, name, number_of_rooms, price, purpose, status,
                                    type, custom_user_id)
VALUES (8, 480, '2023-08-15', '2023-08-15', null, null, 'Központi lakás remek kilátással',
        'image/jpeg;base64,/934j/4AAaetraerjQSk...', 'Eladó lakás', 2, 320000000, 'TO_RENT', 'INACTIVE', 'FLAT', 8);
INSERT INTO moovsmartTest.property (property_id, area, date_of_activation, date_of_creation, date_of_inactivation,
                                    date_of_sale, description, image_url, name, number_of_rooms, price, purpose, status,
                                    type, custom_user_id)
VALUES (9, 990, null, '2023-08-31', null, null, 'Elegáns villa kerttel és medencével',
        'image/jpeg;base64,/3349j/4AAaehaQSk...', 'Eladó villa', 8, 110000000, 'TO_RENT', 'VIP', 'VILLA', 10);
INSERT INTO moovsmartTest.property (property_id, area, date_of_activation, date_of_creation, date_of_inactivation,
                                    date_of_sale, description, image_url, name, number_of_rooms, price, purpose, status,
                                    type, custom_user_id)
VALUES (10, 90, '2023-08-31', '2023-08-29', null, null, 'Praktikus lakás fiataloknak', 'image/jpeg;base64,/9j/4AAQSk...',
        'Eladó lakás', 3, 250000000, 'TO_RENT', 'ACTIVE', 'FLAT', 10);
INSERT INTO moovsmartTest.property (property_id, area, date_of_activation, date_of_creation, date_of_inactivation,
                                    date_of_sale, description, image_url, name, number_of_rooms, price, purpose, status,
                                    type, custom_user_id)
VALUES (11, 520, null, '2023-08-20', null, null, 'Egyedi tervezésű ház csendes környéken',
        'image/jpeg;base64,/9j/4AaergAQSk...', 'Eladó ház', 6, 580000000, 'TO_RENT', 'ACTIVE', 'HOUSE', 18);
INSERT INTO moovsmartTest.property (property_id, area, date_of_activation, date_of_creation, date_of_inactivation,
                                    date_of_sale, description, image_url, name, number_of_rooms, price, purpose, status,
                                    type, custom_user_id)
VALUES (12, 50, null, '2023-08-31', null, null, 'Elegáns lakás kerttel', 'image/jpeg;base64,/9j/4AAasadasdQSk...',
        'Eladó villa', 8, 11000000, 'TO_RENT', 'ACTIVE', 'FLAT', 9);
INSERT INTO moovsmartTest.property (property_id, area, date_of_activation, date_of_creation, date_of_inactivation,
                                    date_of_sale, description, image_url, name, number_of_rooms, price, purpose, status,
                                    type, custom_user_id)
VALUES (13, 90, null, '2023-08-29', null, null, 'Praktikus lakás fiataloknak', 'image/jpeg;base64,/9j/4AAQSk...',
        'Eladó lakás', 3, 250000000, 'FOR_SALE', 'INACTIVE', 'FLAT', 5);
INSERT INTO moovsmartTest.property (property_id, area, date_of_activation, date_of_creation, date_of_inactivation,
                                    date_of_sale, description, image_url, name, number_of_rooms, price, purpose, status,
                                    type, custom_user_id)
VALUES (14, 520, '2023-08-20', '2023-08-20', null, null, 'Egyedi tervezésű ház csendes környéken',
        'image/jpeg;base64,/9j/4AAQSk...', 'Eladó ház', 6, 580000000, 'FOR_SALE', 'INACTIVE', 'HOUSE', 7);
INSERT INTO moovsmartTest.property (property_id, area, date_of_activation, date_of_creation, date_of_inactivation,
                                    date_of_sale, description, image_url, name, number_of_rooms, price, purpose, status,
                                    type, custom_user_id)
VALUES (15, 120, null, '2023-08-20', null, null, 'Egyedi tervezésű ház csendes környéken',
        'image/jpeg;base64,/9j/4AAQSk...', 'Eladó ház', 6, 580000000, 'FOR_SALE', 'VIP', 'HOUSE', 13);

INSERT INTO moovsmartTest.address (address_id, city, country, deleted, door_number, house_number, street, zipcode,
                                   property_id)
VALUES (1, 'Monor', 'Magyarország', false, null, '14', 'Mikes Kelemen utca', 2200, 2);
INSERT INTO moovsmartTest.address (address_id, city, country, deleted, door_number, house_number, street, zipcode,
                                   property_id)
VALUES (2, 'Bénye', 'Magyarország', false, null, '5', 'Kosztolányi utca', 1200, 1);
INSERT INTO moovsmartTest.address (address_id, city, country, deleted, door_number, house_number, street, zipcode,
                                   property_id)
VALUES (3, 'Káva', 'Magyarország', false, null, '3', 'Cserép utca', 4200, 4);
INSERT INTO moovsmartTest.address (address_id, city, country, deleted, door_number, house_number, street, zipcode,
                                   property_id)
VALUES (4, 'Tök', 'Magyarország', false, null, '2', 'Rogán utca', 2202, 3);
INSERT INTO moovsmartTest.address (address_id, city, country, deleted, door_number, house_number, street, zipcode,
                                   property_id)
VALUES (5, 'Zsámbék', 'Magyarország', false, null, '4', 'Kiss utca', 2255, 6);
INSERT INTO moovsmartTest.address (address_id, city, country, deleted, door_number, house_number, street, zipcode,
                                   property_id)
VALUES (6, 'Alma', 'Magyarország', true, null, '1', 'Traktor utca', 2456, 5);
INSERT INTO moovsmartTest.address (address_id, city, country, deleted, door_number, house_number, street, zipcode,
                                   property_id)
VALUES (7, 'Novigrád', 'Magyarország', false, null, '6', 'Almás utca', 2987, 8);
INSERT INTO moovsmartTest.address (address_id, city, country, deleted, door_number, house_number, street, zipcode,
                                   property_id)
VALUES (8, 'Velen', 'Magyarország', false, null, '23B', 'Árnyas utca', 1230, 7);
INSERT INTO moovsmartTest.address (address_id, city, country, deleted, door_number, house_number, street, zipcode,
                                   property_id)
VALUES (9, 'Tatuin', 'Magyarország', false, null, 'h/2', 'Kossúth utca', 5600, 9);
INSERT INTO moovsmartTest.address (address_id, city, country, deleted, door_number, house_number, street, zipcode,
                                   property_id)
VALUES (10, 'Pánd', 'Magyarország', false, null, '34', 'Hosszú utca', 7800, 13);
INSERT INTO moovsmartTest.address (address_id, city, country, deleted, door_number, house_number, street, zipcode,
                                   property_id)
VALUES (11, 'Pilis', 'Magyarország', false, null, '123', 'Széles út', 8700, 11);
INSERT INTO moovsmartTest.address (address_id, city, country, deleted, door_number, house_number, street, zipcode,
                                   property_id)
VALUES (12, 'Úri', 'Magyarország', false, null, '12', 'Tó utca', 9900, 10);
INSERT INTO moovsmartTest.address (address_id, city, country, deleted, door_number, house_number, street, zipcode,
                                   property_id)
VALUES (13, 'Felcsút', 'Magyarország', false, null, '2/3', 'Lölő utca', 4444, 12);
INSERT INTO moovsmartTest.address (address_id, city, country, deleted, door_number, house_number, street, zipcode,
                                   property_id)
VALUES (14, 'Alcsút-Dobozos', 'Magyarország', false, null, '4', 'Pozsonyi utca', 7777, 14);
INSERT INTO moovsmartTest.address (address_id, city, country, deleted, door_number, house_number, street, zipcode,
                                   property_id)
VALUES (15, 'Péteri', 'Magyarország', true, null, '23/a', 'Kapisztrán utca', 8888, 15);

INSERT INTO moovsmartTest.property_data(property_data_id, has_air_condition, has_balcony, has_garden, heating,
                                        is_insulated, energy_certificate, parking, orientation,
                                        has_lift, is_accessible, year_built, property_id)
VALUES (1, true, true, true, 'GAS_CONVECTOR', false, 'AT_LEAST_AA_PLUS_PLUS', 'COURTYARD', 'NORTH_WEST', true, true, true, 2);
INSERT INTO moovsmartTest.property_data(property_data_id, has_air_condition, has_balcony, has_garden, heating,
                                        is_insulated, energy_certificate, parking, orientation,
                                        has_lift, is_accessible, year_built, property_id)
VALUES (2, true, false, true, 'CENTRAL_HEATING', true, 'AT_LEAST_AA_PLUS', 'UNDERGROUND_GARAGE_SPACE', 'WEST', true, true, true, 3);
INSERT INTO moovsmartTest.property_data(property_data_id, has_air_condition, has_balcony, has_garden, heating,
                                        is_insulated, energy_certificate, parking, orientation,
                                        has_lift, is_accessible, year_built, property_id)
VALUES (3, false, true, false, 'DISTRICT_HEATING', false, 'AT_LEAST_AA', 'DETACHED_GARAGE', 'NORTH', true, true, true, 1);

INSERT INTO moovsmartTest.estate_agent(estate_agent_id, agent_rank, sell_point, custom_user_id)
VALUES (1, 'PROFESSIONAL', 30, 3);
INSERT INTO moovsmartTest.estate_agent(estate_agent_id, agent_rank, sell_point, custom_user_id)
VALUES (2, 'MEDIOR', 20, 5);
INSERT INTO moovsmartTest.estate_agent(estate_agent_id, agent_rank, sell_point, custom_user_id)
VALUES (3, 'RECRUIT', 3, 1);
