insert into moovsmartTest.custom_user (custom_user_id, account_non_locked, activation, delete_date, e_mail, enable,
                                       is_deleted, name, password, username)
values (1, false, 'suspended', '2048-10-10 00:00:00.000000', 'aprandia@miitbeian.gov.cn', true, true, 'Avivah Prandi',
        'jH0@qk''BXF', 'aprandia');
insert into moovsmartTest.custom_user (custom_user_id, account_non_locked, activation, delete_date, e_mail, enable,
                                       is_deleted, name, password, username)
values (2, true, 'inactive', null, 'glockley5@howstuffworks.com', true, false, 'Gunter Lockley', 'jF0$=2+q$~iG',
        'glockley5');
insert into moovsmartTest.custom_user (custom_user_id, account_non_locked, activation, delete_date, e_mail, enable,
                                       is_deleted, name, password, username)
values (3, true, 'active', null, 'ikoubek4@a8.net', true, false, 'Idelle Koubek', 'lX1%uEvzX+9\\yL', 'ikoubek4');
insert into moovsmartTest.custom_user (custom_user_id, account_non_locked, activation, delete_date, e_mail, enable,
                                       is_deleted, name, password, username)
values (4, true, 'inactive', null, 'cduprec@scribd.com', true, false, 'Cymbre Dupre', 'yK9_Y+Jm}ICga%r', 'cduprec');
insert into moovsmartTest.custom_user (custom_user_id, account_non_locked, activation, delete_date, e_mail, enable,
                                       is_deleted, name, password, username)
values (5, true, 'inactive', null, 'dknottonb@tumblr.com', true, false, 'Dani Knotton', 'qA6}Z(CPsD/', 'dknottonb');
insert into moovsmartTest.custom_user (custom_user_id, account_non_locked, activation, delete_date, e_mail, enable,
                                       is_deleted, name, password, username)
values (6, true, 'active', null, 'cglowacha3@ning.com', true, false, 'Cathleen Glowacha', 'eT9@$Je!M6KA2oHx',
        'cglowacha3');
insert into moovsmartTest.custom_user (custom_user_id, account_non_locked, activation, delete_date, e_mail, enable,
                                       is_deleted, name, password, username)
values (7, true, 'active', null, 'sbenzingi@wikimedia.org', true, false, 'Stevy Benzing', 'nV1|tkIElyW', 'sbenzingi');
insert into moovsmartTest.custom_user (custom_user_id, account_non_locked, activation, delete_date, e_mail, enable,
                                       is_deleted, name, password, username)
values (8, false, 'active', null, 'czambonini8@wordpress.com', false, false, 'Caresse Zambonini', 'gT1{gnY21',
        'czambonini8');
insert into moovsmartTest.custom_user (custom_user_id, account_non_locked, activation, delete_date, e_mail, enable,
                                       is_deleted, name, password, username)
values (9, true, 'active', null, 'ikennadyg@diigo.com', true, false, 'Ikey Kennady', 'tV0}!jk8Ab2.3V5z', 'ikennadyg');
insert into moovsmartTest.custom_user (custom_user_id, account_non_locked, activation, delete_date, e_mail, enable,
                                       is_deleted, name, password, username)
values (10, false, 'suspended', '2075-06-04 00:00:00.000000', 'kshard7@123-reg.co.uk', true, true, 'Kacy Shard',
        'tF4|oCOAS''b', 'kshard7');
insert into moovsmartTest.custom_user (custom_user_id, account_non_locked, activation, delete_date, e_mail, enable,
                                       is_deleted, name, password, username)
values (11, true, 'suspended', '2059-03-06 00:00:00.000000', 'bmoyes2@jalbum.net', false, true, 'Belvia Moyes',
        'cY8#5C9x!>6M0=uJ', 'bmoyes2');
insert into moovsmartTest.custom_user (custom_user_id, account_non_locked, activation, delete_date, e_mail, enable,
                                       is_deleted, name, password, username)
values (12, true, 'active', null, 'erobej@craigslist.org', false, false, 'Elvira Robe', 'mX5<.}"AulaK', 'erobej');
insert into moovsmartTest.custom_user (custom_user_id, account_non_locked, activation, delete_date, e_mail, enable,
                                       is_deleted, name, password, username)
values (13, true, 'inactive', null, 'wmcinteer9@mac.com', true, false, 'Waylan McInteer', 'gB8|2hZVJ', 'wmcinteer9');
insert into moovsmartTest.custom_user (custom_user_id, account_non_locked, activation, delete_date, e_mail, enable,
                                       is_deleted, name, password, username)
values (14, false, 'inactive', null, 'fmartijn0@nhs.uk', false, false, 'Florenza Martijn', 'wP5+dMvZX', 'fmartijn0');
insert into moovsmartTest.custom_user (custom_user_id, account_non_locked, activation, delete_date, e_mail, enable,
                                       is_deleted, name, password, username)
values (15, false, 'active', null, 'dmugef@weather.com', false, false, 'Darbee Muge', 'fT8%nQ{b7', 'dmugef');
insert into moovsmartTest.custom_user (custom_user_id, account_non_locked, activation, delete_date, e_mail, enable,
                                       is_deleted, name, password, username)
values (16, true, 'suspended', null, 'gfrossell1@over-blog.com', true, false, 'Garrek Frossell', 'wU7~7Yiww/#',
        'gfrossell1');
insert into moovsmartTest.custom_user (custom_user_id, account_non_locked, activation, delete_date, e_mail, enable,
                                       is_deleted, name, password, username)
values (17, false, 'inactive', null, 'wchaterd@g.co', true, false, 'Windham Chater', 'sO9=IYjICM~fEYS', 'wchaterd');
insert into moovsmartTest.custom_user (custom_user_id, account_non_locked, activation, delete_date, e_mail, enable,
                                       is_deleted, name, password, username)
values (18, false, 'active', null, 'dfilyukovh@ustream.tv', false, false, 'Danny Filyukov', 'mI0\\bo&5&eQ',
        'dfilyukovh');
insert into moovsmartTest.custom_user (custom_user_id, account_non_locked, activation, delete_date, e_mail, enable,
                                       is_deleted, name, password, username)
values (19, true, 'active', null, 'gjakubczyke@mozilla.org', true, false, 'Gabriela Jakubczyk', 'xG0.<7xHLQ?u',
        'gjakubczyke');
insert into moovsmartTest.custom_user (custom_user_id, account_non_locked, activation, delete_date, e_mail, enable,
                                       is_deleted, name, password, username)
values (20, true, 'inactive', null, 'cgasking6@cornell.edu', true, false, 'Cosetta Gasking', 'yB3/mHH/<f,\\%g7~',
        'cgasking6');


INSERT INTO moovsmartTest.property (property_id, area, date_of_activation, date_of_creation, date_of_inactivation,
                                    date_of_sale, description, image_url, name, number_of_rooms, price, status, type,
                                    custom_user_id, estate_agent_id)
VALUES (1, 120, '2023-09-02', '2023-09-02', null, null, 'Eladó családi ház a Balton partján', 'www.kep-url/122324gfg/kep.hu',
        'Eladó Balatoni Ház', 4, 63000000, 'ACTIVE', 'HOUSE', 1, null);

INSERT INTO moovsmartTest.property (property_id, area, date_of_activation, date_of_creation, date_of_inactivation,
                                    date_of_sale, description, image_url, name, number_of_rooms, price, status, type,
                                    custom_user_id, estate_agent_id)
VALUES (2, 300, '2023-08-31', '2023-08-31', null, null, 'Kényelmes családi ház', 'image/jpeg;base64,/2579j/4AAQSk',
        'Eladó ház', 4, 350000000, 'INACTIVE', 'HOUSE', 2, null);
INSERT INTO moovsmartTest.property (property_id, area, date_of_activation, date_of_creation, date_of_inactivation,
                                    date_of_sale, description, image_url, name, number_of_rooms, price, status, type,
                                    custom_user_id, estate_agent_id)
VALUES (3, 80, null, '2023-08-29', null, null, 'Stúdió lakás belvárosi környezetben',
        'image/jpeg;base68,/9j143/4Adfhdk', 'Eladó lakás Pécsett', 1, 180000000, 'ACTIVE', 'FLAT', '14', null);
INSERT INTO moovsmartTest.property (property_id, area, date_of_activation, date_of_creation, date_of_inactivation,
                                    date_of_sale, description, image_url, name, number_of_rooms, price, status, type,
                                    custom_user_id, estate_agent_id)
VALUES (4, 600, null, '2023-08-20', null, null, 'Panasz panorámával', 'image/jpeg;base464667,/sgrsgrgsrerhSk',
        'Eladó lakás a városban', 3, 420000000, 'ACTIVE', 'FLAT', 4, null);
INSERT INTO moovsmartTest.property (property_id, area, date_of_activation, date_of_creation, date_of_inactivation,
                                    date_of_sale, description, image_url, name, number_of_rooms, price, status, type,
                                    custom_user_id, estate_agent_id)
VALUES (5, 450, null, '2023-08-18', null, null, 'Tágas családi ház zöld környezetben',
        'image/jpeg;base64,/9j0364/4AAQSk..atjtj.', 'Eladó ház', 6, 550000000, 'ACTIVE', 'HOUSE', 12, null);
INSERT INTO moovsmartTest.property (property_id, area, date_of_activation, date_of_creation, date_of_inactivation,
                                    date_of_sale, description, image_url, name, number_of_rooms, price, status, type,
                                    custom_user_id, estate_agent_id)
VALUES (6, 60, null, '2023-08-15', null, null, 'Kis lakás kiadó a belvárosban',
        'image/jpeg;base64,/9036j/4AAQSartjarjk...',
        'Kiadó lakás', 1, 150000000, 'ACTIVE', 'FLAT', 3, null);
INSERT INTO moovsmartTest.property (property_id, area, date_of_activation, date_of_creation, date_of_inactivation,
                                    date_of_sale, description, image_url, name, number_of_rooms, price, status, type,
                                    custom_user_id, estate_agent_id)
VALUES (7, 750, null, '2023-08-27', null, null, 'Modern irodaház vállalkozásnak',
        'image/jpeg;base64,/923j/4AAQERewSk...', 'Eladó irodaház', null, 11000000, 'ACTIVE', 'OFFICE_BUILDING', 17,
        null);
INSERT INTO moovsmartTest.property (property_id, area, date_of_activation, date_of_creation, date_of_inactivation,
                                    date_of_sale, description, image_url, name, number_of_rooms, price, status, type,
                                    custom_user_id, estate_agent_id)
VALUES (8, 480, '2023-08-15', '2023-08-15', null, null, 'Központi lakás remek kilátással',
        'image/jpeg;base64,/934j/4AAaetraerjQSk...', 'Eladó lakás', 2, 320000000, 'INACTIVE', 'FLAT', 8, null);
INSERT INTO moovsmartTest.property (property_id, area, date_of_activation, date_of_creation, date_of_inactivation,
                                    date_of_sale, description, image_url, name, number_of_rooms, price, status, type,
                                    custom_user_id, estate_agent_id)
VALUES (9, 990, null, '2023-08-31', null, null, 'Elegáns villa kerttel és medencével',
        'image/jpeg;base64,/3349j/4AAaehaQSk...', 'Eladó villa', 8, 110000000, 'VIP', 'VILLA', 10, null);
INSERT INTO moovsmartTest.property (property_id, area, date_of_activation, date_of_creation, date_of_inactivation,
                                    date_of_sale, description, image_url, name, number_of_rooms, price, status, type,
                                    custom_user_id, estate_agent_id)
VALUES (10, 90, '2023-08-31', '2023-08-29', null, null, 'Praktikus lakás fiataloknak', 'image/jpeg;base64,/9j/4AAQSk...',
        'Eladó lakás', 3, 250000000, 'ACTIVE', 'FLAT', 10, null);
INSERT INTO moovsmartTest.property (property_id, area, date_of_activation, date_of_creation, date_of_inactivation,
                                    date_of_sale, description, image_url, name, number_of_rooms, price, status, type,
                                    custom_user_id, estate_agent_id)
VALUES (11, 520, null, '2023-08-20', null, null, 'Egyedi tervezésű ház csendes környéken',
        'image/jpeg;base64,/9j/4AaergAQSk...', 'Eladó ház', 6, 580000000, 'ACTIVE', 'HOUSE', 18, null);
INSERT INTO moovsmartTest.property (property_id, area, date_of_activation, date_of_creation, date_of_inactivation,
                                    date_of_sale, description, image_url, name, number_of_rooms, price, status, type,
                                    custom_user_id, estate_agent_id)
VALUES (12, 50, null, '2023-08-31', null, null, 'Elegáns lakás kerttel', 'image/jpeg;base64,/9j/4AAasadasdQSk...',
        'Eladó villa', 8, 11000000, 'ACTIVE', 'FLAT', 9, null);
INSERT INTO moovsmartTest.property (property_id, area, date_of_activation, date_of_creation, date_of_inactivation,
                                    date_of_sale, description, image_url, name, number_of_rooms, price, status, type,
                                    custom_user_id, estate_agent_id)
VALUES (13, 90, null, '2023-08-29', null, null, 'Praktikus lakás fiataloknak', 'image/jpeg;base64,/9j/4AAQSk...',
        'Eladó lakás', 3, 250000000,'INACTIVE', 'FLAT', 5, null);
INSERT INTO moovsmartTest.property (property_id, area, date_of_activation, date_of_creation, date_of_inactivation,
                                    date_of_sale, description, image_url, name, number_of_rooms, price, status, type,
                                    custom_user_id, estate_agent_id)
VALUES (14, 520, '2023-08-20', '2023-08-20', null, null, 'Egyedi tervezésű ház csendes környéken',
        'image/jpeg;base64,/9j/4AAQSk...', 'Eladó ház', 6, 580000000, 'INACTIVE', 'HOUSE', 7, null);
INSERT INTO moovsmartTest.property (property_id, area, date_of_activation, date_of_creation, date_of_inactivation,
                                    date_of_sale, description, image_url, name, number_of_rooms, price, status, type,
                                    custom_user_id, estate_agent_id)
VALUES (15, 120, null, '2023-08-20', null, null, 'Egyedi tervezésű ház csendes környéken',
        'image/jpeg;base64,/9j/4AAQSk...', 'Eladó ház', 6, 580000000, 'VIP', 'HOUSE', 13, null);

INSERT INTO moovsmartTest.address (address_id, city, country, deleted, door_number, house_number, street, zipcode,
                                   property_id)
VALUES (1, 'Monor', 'Magyarország', false, null, '14', 'Mikes Kelemen utca', 2200, 2);
INSERT INTO moovsmartTest.address (address_id, city, country, deleted, door_number, house_number, street, zipcode,
                                   property_id)
VALUES (2, 'Bénye', 'Magyarország', false, null, '5', 'Kosztolányi utca', 1200, 1);
INSERT INTO moovsmartTest.address (address_id, city, country, deleted, door_number, house_number, street, zipcode,
                                   property_id)
VALUES (3, 'Káva', 'Magyarország', false, null, '3', 'Cserép utca', 4200, 4);
INSERT INTO moovsmartTest.address (address_id, city, country, deleted, door_number, house_number, street, zipcode,
                                   property_id)
VALUES (4, 'Tök', 'Magyarország', false, null, '2', 'Rogán utca', 2202, 3);
INSERT INTO moovsmartTest.address (address_id, city, country, deleted, door_number, house_number, street, zipcode,
                                   property_id)
VALUES (5, 'Zsámbék', 'Magyarország', false, null, '4', 'Kiss utca', 2255, 6);
INSERT INTO moovsmartTest.address (address_id, city, country, deleted, door_number, house_number, street, zipcode,
                                   property_id)
VALUES (6, 'Alma', 'Magyarország', true, null, '1', 'Traktor utca', 2456, 5);
INSERT INTO moovsmartTest.address (address_id, city, country, deleted, door_number, house_number, street, zipcode,
                                   property_id)
VALUES (7, 'Novigrád', 'Magyarország', false, null, '6', 'Almás utca', 2987, 8);
INSERT INTO moovsmartTest.address (address_id, city, country, deleted, door_number, house_number, street, zipcode,
                                   property_id)
VALUES (8, 'Velen', 'Magyarország', false, null, '23B', 'Árnyas utca', 1230, 7);
INSERT INTO moovsmartTest.address (address_id, city, country, deleted, door_number, house_number, street, zipcode,
                                   property_id)
VALUES (9, 'Tatuin', 'Magyarország', false, null, 'h/2', 'Kossúth utca', 5600, 9);
INSERT INTO moovsmartTest.address (address_id, city, country, deleted, door_number, house_number, street, zipcode,
                                   property_id)
VALUES (10, 'Pánd', 'Magyarország', false, null, '34', 'Hosszú utca', 7800, 13);
INSERT INTO moovsmartTest.address (address_id, city, country, deleted, door_number, house_number, street, zipcode,
                                   property_id)
VALUES (11, 'Pilis', 'Magyarország', false, null, '123', 'Széles út', 8700, 11);
INSERT INTO moovsmartTest.address (address_id, city, country, deleted, door_number, house_number, street, zipcode,
                                   property_id)
VALUES (12, 'Úri', 'Magyarország', false, null, '12', 'Tó utca', 9900, 10);
INSERT INTO moovsmartTest.address (address_id, city, country, deleted, door_number, house_number, street, zipcode,
                                   property_id)
VALUES (13, 'Felcsút', 'Magyarország', false, null, '2/3', 'Lölő utca', 4444, 12);
INSERT INTO moovsmartTest.address (address_id, city, country, deleted, door_number, house_number, street, zipcode,
                                   property_id)
VALUES (14, 'Alcsút-Dobozos', 'Magyarország', false, null, '4', 'Pozsonyi utca', 7777, 14);
INSERT INTO moovsmartTest.address (address_id, city, country, deleted, door_number, house_number, street, zipcode,
                                   property_id)
VALUES (15, 'Péteri', 'Magyarország', true, null, '23/a', 'Kapisztrán utca', 8888, 15);

INSERT INTO moovsmartTest.property_data(property_data_id, air_conditioner, balcony, garden, heating, insulation,
                                        parking, property_orientation, property_id)
VALUES (1, true, true, true, 'wood', false, true, 'NORTH_WEST', 2);
INSERT INTO moovsmartTest.property_data(property_data_id, air_conditioner, balcony, garden, heating, insulation,
                                        parking, property_orientation, property_id)
VALUES (2, true, false, true, 'gase', true, true, 'WEST', 3);
INSERT INTO moovsmartTest.property_data(property_data_id, air_conditioner, balcony, garden, heating, insulation,
                                        parking, property_orientation, property_id)
VALUES (3, false, true, false, 'electric', false, true, 'NORTH', 1);
INSERT INTO moovsmartTest.estate_agent(estate_agent_id, email, name, agent_rank, sell_point)
VALUES (1, 'katika@dunahouse.hu', 'Kovács Katalin', 'PROFESSIONAL', 30);
INSERT INTO moovsmartTest.estate_agent(estate_agent_id, email, name, agent_rank, sell_point)
VALUES (2, 'pistike@ingatlanos.hu', 'Kis Pista', 'MEDIOR', 20);
INSERT INTO moovsmartTest.estate_agent(estate_agent_id, email, name, agent_rank, sell_point)
VALUES (3, 'Gézu@dunahouse.hu', 'Bemeteg Géza', 'RECRUIT', 3);






